                  epoch,             train/loss,  metrics/accuracy_top1,  metrics/accuracy_top5,               val/loss,                 lr/pg0,                 lr/pg1,                 lr/pg2
                      1,                 1.2389,                0.85734,                      1,                 1.1087,             0.00023756,             0.00023756,             0.00023756
                      2,                0.49904,                0.95307,                      1,                0.97469,              0.0003814,              0.0003814,              0.0003814
                      3,                0.35626,                 0.9619,                      1,                0.95777,             0.00043099,             0.00043099,             0.00043099
                      4,                0.29035,                0.97351,                      1,                0.94186,             0.00028988,             0.00028988,             0.00028988
                      5,                0.23374,                0.97537,                      1,                0.93853,             0.00028988,             0.00028988,             0.00028988
